Number.of.predictors,CV.RMSE,CV.AUC,CV.threshold,CV.expected.Loss
9,0.3797698590488786,0.6189396551070225,0.3171124597279626,0.3377388086924801
33,0.3771519602663123,0.6413223608579032,0.3900734481665824,0.3338673198186461
57,0.3774196722900276,0.625518745575696,0.4201095370890193,0.3478465266558966
36,0.3762267865888098,0.6584219537542055,0.3401335792421087,0.3335447391734848
