Name,Number.of.predictors,CV.RMSE,CV.AUC,CV.threshold,CV.expected.Loss
Logit 1,5,0.350357259,0.645561642,0.337083898,0.287504519
logit 3,29,0.344552759,0.691380001,0.39615324,0.273091181
Lasso,48,0.34528042,0.672035158,0.433157522,0.289248469
Random Forest,36,0.345520704,0.692267278,0.403472872,0.280674838